file,reason
translations/pt-BR/content/account-and-profile/setting-up-and-managing-your-github-profile/managing-contribution-graphs-on-your-profile/index.md,file deleted because it no longer exists in main
translations/pt-BR/content/account-and-profile/setting-up-and-managing-your-github-profile/managing-contribution-graphs-on-your-profile/publicizing-or-hiding-your-private-contributions-on-your-profile.md,file deleted because it no longer exists in main
translations/pt-BR/content/account-and-profile/setting-up-and-managing-your-github-profile/managing-contribution-graphs-on-your-profile/sending-enterprise-contributions-to-your-githubcom-profile.md,file deleted because it no longer exists in main
translations/pt-BR/content/account-and-profile/setting-up-and-managing-your-github-profile/managing-contribution-graphs-on-your-profile/showing-an-overview-of-your-activity-on-your-profile.md,file deleted because it no longer exists in main
translations/pt-BR/content/account-and-profile/setting-up-and-managing-your-github-profile/managing-contribution-graphs-on-your-profile/troubleshooting-commits-on-your-timeline.md,file deleted because it no longer exists in main
translations/pt-BR/content/account-and-profile/setting-up-and-managing-your-github-profile/managing-contribution-graphs-on-your-profile/viewing-contributions-on-your-profile.md,file deleted because it no longer exists in main
translations/pt-BR/content/account-and-profile/setting-up-and-managing-your-github-profile/managing-contribution-graphs-on-your-profile/why-are-my-contributions-not-showing-up-on-my-profile.md,file deleted because it no longer exists in main
translations/pt-BR/content/account-and-profile/setting-up-and-managing-your-github-user-account/index.md,file deleted because it no longer exists in main
translations/pt-BR/content/account-and-profile/setting-up-and-managing-your-github-user-account/managing-access-to-your-personal-repositories/index.md,file deleted because it no longer exists in main
translations/pt-BR/content/account-and-profile/setting-up-and-managing-your-github-user-account/managing-access-to-your-personal-repositories/inviting-collaborators-to-a-personal-repository.md,file deleted because it no longer exists in main
translations/pt-BR/content/account-and-profile/setting-up-and-managing-your-github-user-account/managing-access-to-your-personal-repositories/maintaining-ownership-continuity-of-your-user-accounts-repositories.md,file deleted because it no longer exists in main
translations/pt-BR/content/account-and-profile/setting-up-and-managing-your-github-user-account/managing-access-to-your-personal-repositories/removing-a-collaborator-from-a-personal-repository.md,file deleted because it no longer exists in main
translations/pt-BR/content/account-and-profile/setting-up-and-managing-your-github-user-account/managing-access-to-your-personal-repositories/removing-yourself-from-a-collaborators-repository.md,file deleted because it no longer exists in main
translations/pt-BR/content/account-and-profile/setting-up-and-managing-your-github-user-account/managing-email-preferences/adding-an-email-address-to-your-github-account.md,file deleted because it no longer exists in main
translations/pt-BR/content/account-and-profile/setting-up-and-managing-your-github-user-account/managing-email-preferences/blocking-command-line-pushes-that-expose-your-personal-email-address.md,file deleted because it no longer exists in main
translations/pt-BR/content/account-and-profile/setting-up-and-managing-your-github-user-account/managing-email-preferences/changing-your-primary-email-address.md,file deleted because it no longer exists in main
translations/pt-BR/content/account-and-profile/setting-up-and-managing-your-github-user-account/managing-email-preferences/index.md,file deleted because it no longer exists in main
translations/pt-BR/content/account-and-profile/setting-up-and-managing-your-github-user-account/managing-email-preferences/managing-marketing-emails-from-github.md,file deleted because it no longer exists in main
translations/pt-BR/content/account-and-profile/setting-up-and-managing-your-github-user-account/managing-email-preferences/remembering-your-github-username-or-email.md,file deleted because it no longer exists in main
translations/pt-BR/content/account-and-profile/setting-up-and-managing-your-github-user-account/managing-email-preferences/setting-a-backup-email-address.md,file deleted because it no longer exists in main
translations/pt-BR/content/account-and-profile/setting-up-and-managing-your-github-user-account/managing-email-preferences/setting-your-commit-email-address.md,file deleted because it no longer exists in main
translations/pt-BR/content/account-and-profile/setting-up-and-managing-your-github-user-account/managing-email-preferences/types-of-emails-github-sends.md,file deleted because it no longer exists in main
translations/pt-BR/content/account-and-profile/setting-up-and-managing-your-github-user-account/managing-user-account-settings/about-your-personal-dashboard.md,file deleted because it no longer exists in main
translations/pt-BR/content/account-and-profile/setting-up-and-managing-your-github-user-account/managing-user-account-settings/best-practices-for-leaving-your-company.md,file deleted because it no longer exists in main
translations/pt-BR/content/account-and-profile/setting-up-and-managing-your-github-user-account/managing-user-account-settings/changing-your-github-username.md,file deleted because it no longer exists in main
translations/pt-BR/content/account-and-profile/setting-up-and-managing-your-github-user-account/managing-user-account-settings/converting-a-user-into-an-organization.md,file deleted because it no longer exists in main
translations/pt-BR/content/account-and-profile/setting-up-and-managing-your-github-user-account/managing-user-account-settings/deleting-your-user-account.md,file deleted because it no longer exists in main
translations/pt-BR/content/account-and-profile/setting-up-and-managing-your-github-user-account/managing-user-account-settings/index.md,file deleted because it no longer exists in main
translations/pt-BR/content/account-and-profile/setting-up-and-managing-your-github-user-account/managing-user-account-settings/integrating-jira-with-your-personal-projects.md,file deleted because it no longer exists in main
translations/pt-BR/content/account-and-profile/setting-up-and-managing-your-github-user-account/managing-user-account-settings/managing-access-to-your-user-accounts-project-boards.md,file deleted because it no longer exists in main
translations/pt-BR/content/account-and-profile/setting-up-and-managing-your-github-user-account/managing-user-account-settings/managing-accessibility-settings.md,file deleted because it no longer exists in main
translations/pt-BR/content/account-and-profile/setting-up-and-managing-your-github-user-account/managing-user-account-settings/managing-security-and-analysis-settings-for-your-user-account.md,file deleted because it no longer exists in main
translations/pt-BR/content/account-and-profile/setting-up-and-managing-your-github-user-account/managing-user-account-settings/managing-the-default-branch-name-for-your-repositories.md,file deleted because it no longer exists in main
translations/pt-BR/content/account-and-profile/setting-up-and-managing-your-github-user-account/managing-user-account-settings/managing-your-tab-size-rendering-preference.md,file deleted because it no longer exists in main
translations/pt-BR/content/account-and-profile/setting-up-and-managing-your-github-user-account/managing-user-account-settings/managing-your-theme-settings.md,file deleted because it no longer exists in main
translations/pt-BR/content/account-and-profile/setting-up-and-managing-your-github-user-account/managing-user-account-settings/merging-multiple-user-accounts.md,file deleted because it no longer exists in main
translations/pt-BR/content/account-and-profile/setting-up-and-managing-your-github-user-account/managing-user-account-settings/permission-levels-for-a-user-account-repository.md,file deleted because it no longer exists in main
translations/pt-BR/content/account-and-profile/setting-up-and-managing-your-github-user-account/managing-user-account-settings/permission-levels-for-user-owned-project-boards.md,file deleted because it no longer exists in main
translations/pt-BR/content/account-and-profile/setting-up-and-managing-your-github-user-account/managing-user-account-settings/what-does-the-available-for-hire-checkbox-do.md,file deleted because it no longer exists in main
translations/pt-BR/content/account-and-profile/setting-up-and-managing-your-github-user-account/managing-your-membership-in-organizations/about-organization-membership.md,file deleted because it no longer exists in main
translations/pt-BR/content/account-and-profile/setting-up-and-managing-your-github-user-account/managing-your-membership-in-organizations/accessing-an-organization.md,file deleted because it no longer exists in main
translations/pt-BR/content/account-and-profile/setting-up-and-managing-your-github-user-account/managing-your-membership-in-organizations/index.md,file deleted because it no longer exists in main
translations/pt-BR/content/account-and-profile/setting-up-and-managing-your-github-user-account/managing-your-membership-in-organizations/managing-your-scheduled-reminders.md,file deleted because it no longer exists in main
translations/pt-BR/content/account-and-profile/setting-up-and-managing-your-github-user-account/managing-your-membership-in-organizations/publicizing-or-hiding-organization-membership.md,file deleted because it no longer exists in main
translations/pt-BR/content/account-and-profile/setting-up-and-managing-your-github-user-account/managing-your-membership-in-organizations/removing-yourself-from-an-organization.md,file deleted because it no longer exists in main
translations/pt-BR/content/account-and-profile/setting-up-and-managing-your-github-user-account/managing-your-membership-in-organizations/requesting-organization-approval-for-oauth-apps.md,file deleted because it no longer exists in main
translations/pt-BR/content/account-and-profile/setting-up-and-managing-your-github-user-account/managing-your-membership-in-organizations/viewing-peoples-roles-in-an-organization.md,file deleted because it no longer exists in main
translations/pt-BR/content/account-and-profile/setting-up-and-managing-your-personal-account-on-github/managing-personal-account-settings/best-practices-for-leaving-your-company.md,file deleted because it no longer exists in main
translations/pt-BR/content/account-and-profile/setting-up-and-managing-your-personal-account-on-github/managing-personal-account-settings/converting-a-user-into-an-organization.md,file deleted because it no longer exists in main
translations/pt-BR/content/account-and-profile/setting-up-and-managing-your-personal-account-on-github/managing-personal-account-settings/deleting-your-personal-account.md,file deleted because it no longer exists in main
translations/pt-BR/content/account-and-profile/setting-up-and-managing-your-personal-account-on-github/managing-personal-account-settings/merging-multiple-personal-accounts.md,file deleted because it no longer exists in main
translations/pt-BR/content/actions/automating-builds-and-tests/building-and-testing-nodejs-or-python.md,file deleted because it no longer exists in main
translations/pt-BR/content/admin/code-security/managing-github-advanced-security-for-your-enterprise/deploying-github-advanced-security-in-your-enterprise.md,file deleted because it no longer exists in main
translations/pt-BR/content/admin/code-security/managing-github-advanced-security-for-your-enterprise/overview-of-github-advanced-security-deployment.md,file deleted because it no longer exists in main
translations/pt-BR/content/admin/configuration/configuring-your-enterprise/troubleshooting-ssl-errors.md,file deleted because it no longer exists in main
translations/pt-BR/content/admin/identity-and-access-management/authenticating-users-for-your-github-enterprise-server-instance/index.md,file deleted because it no longer exists in main
translations/pt-BR/content/admin/identity-and-access-management/configuring-authentication-and-provisioning-with-your-identity-provider/index.md,file deleted because it no longer exists in main
translations/pt-BR/content/admin/identity-and-access-management/managing-iam-with-enterprise-managed-users/index.md,file deleted because it no longer exists in main
translations/pt-BR/content/admin/identity-and-access-management/managing-recovery-codes-for-your-enterprise/downloading-your-enterprise-accounts-saml-single-sign-on-recovery-codes.md,file deleted because it no longer exists in main
translations/pt-BR/content/admin/identity-and-access-management/using-enterprise-managed-users-and-saml-for-iam/about-enterprise-managed-users.md,file deleted because it no longer exists in main
translations/pt-BR/content/admin/identity-and-access-management/using-enterprise-managed-users-and-saml-for-iam/configuring-saml-single-sign-on-for-enterprise-managed-users.md,file deleted because it no longer exists in main
translations/pt-BR/content/admin/identity-and-access-management/using-enterprise-managed-users-and-saml-for-iam/configuring-scim-provisioning-for-enterprise-managed-users-with-okta.md,file deleted because it no longer exists in main
translations/pt-BR/content/admin/identity-and-access-management/using-enterprise-managed-users-and-saml-for-iam/configuring-scim-provisioning-for-enterprise-managed-users.md,file deleted because it no longer exists in main
translations/pt-BR/content/admin/identity-and-access-management/using-enterprise-managed-users-and-saml-for-iam/index.md,file deleted because it no longer exists in main
translations/pt-BR/content/admin/identity-and-access-management/using-enterprise-managed-users-and-saml-for-iam/managing-team-memberships-with-identity-provider-groups.md,file deleted because it no longer exists in main
translations/pt-BR/content/admin/policies/enforcing-policies-for-your-enterprise/enforcing-project-board-policies-in-your-enterprise.md,file deleted because it no longer exists in main
translations/pt-BR/content/admin/user-management/managing-organizations-in-your-enterprise/managing-unowned-organizations-in-your-enterprise.md,file deleted because it no longer exists in main
translations/pt-BR/content/authentication/managing-commit-signature-verification/adding-a-new-gpg-key-to-your-github-account.md,file deleted because it no longer exists in main
translations/pt-BR/content/authentication/troubleshooting-commit-signature-verification/updating-an-expired-gpg-key.md,file deleted because it no longer exists in main
translations/pt-BR/content/billing/managing-billing-for-github-codespaces/about-billing-for-codespaces.md,file deleted because it no longer exists in main
translations/pt-BR/content/billing/managing-billing-for-github-codespaces/managing-spending-limits-for-codespaces.md,file deleted because it no longer exists in main
translations/pt-BR/content/billing/managing-billing-for-github-codespaces/viewing-your-codespaces-usage.md,file deleted because it no longer exists in main
translations/pt-BR/content/code-security/dependabot/dependabot-alerts/browsing-security-vulnerabilities-in-the-github-advisory-database.md,file deleted because it no longer exists in main
translations/pt-BR/content/codespaces/codespaces-reference/disaster-recovery-for-codespaces.md,file deleted because it no longer exists in main
translations/pt-BR/content/codespaces/codespaces-reference/security-in-codespaces.md,file deleted because it no longer exists in main
translations/pt-BR/content/codespaces/codespaces-reference/understanding-billing-for-codespaces.md,file deleted because it no longer exists in main
translations/pt-BR/content/codespaces/codespaces-reference/using-github-copilot-in-codespaces.md,file deleted because it no longer exists in main
translations/pt-BR/content/codespaces/customizing-your-codespace/personalizing-codespaces-for-your-account.md,file deleted because it no longer exists in main
translations/pt-BR/content/codespaces/customizing-your-codespace/setting-your-default-editor-for-codespaces.md,file deleted because it no longer exists in main
translations/pt-BR/content/codespaces/customizing-your-codespace/setting-your-default-region-for-codespaces.md,file deleted because it no longer exists in main
translations/pt-BR/content/codespaces/customizing-your-codespace/setting-your-timeout-period-for-codespaces.md,file deleted because it no longer exists in main
translations/pt-BR/content/codespaces/developing-in-codespaces/using-codespaces-for-pull-requests.md,file deleted because it no longer exists in main
translations/pt-BR/content/codespaces/developing-in-codespaces/using-codespaces-in-visual-studio-code.md,file deleted because it no longer exists in main
translations/pt-BR/content/codespaces/developing-in-codespaces/using-codespaces-with-github-cli.md,file deleted because it no longer exists in main
translations/pt-BR/content/codespaces/managing-codespaces-for-your-organization/enabling-codespaces-for-your-organization.md,file deleted because it no longer exists in main
translations/pt-BR/content/codespaces/managing-codespaces-for-your-organization/managing-billing-for-codespaces-in-your-organization.md,file deleted because it no longer exists in main
translations/pt-BR/content/codespaces/managing-codespaces-for-your-organization/managing-encrypted-secrets-for-your-repository-and-organization-for-codespaces.md,file deleted because it no longer exists in main
translations/pt-BR/content/codespaces/managing-codespaces-for-your-organization/reviewing-your-organizations-audit-logs-for-codespaces.md,file deleted because it no longer exists in main
translations/pt-BR/content/codespaces/managing-your-codespaces/managing-gpg-verification-for-codespaces.md,file deleted because it no longer exists in main
translations/pt-BR/content/codespaces/managing-your-codespaces/reviewing-your-security-logs-for-codespaces.md,file deleted because it no longer exists in main
translations/pt-BR/content/codespaces/prebuilding-your-codespaces/about-codespaces-prebuilds.md,file deleted because it no longer exists in main
translations/pt-BR/content/codespaces/troubleshooting/codespaces-logs.md,file deleted because it no longer exists in main
translations/pt-BR/content/codespaces/troubleshooting/troubleshooting-port-forwarding-for-codespaces.md,file deleted because it no longer exists in main
translations/pt-BR/content/codespaces/troubleshooting/troubleshooting-your-connection-to-codespaces.md,file deleted because it no longer exists in main
translations/pt-BR/content/codespaces/troubleshooting/working-with-support-for-codespaces.md,file deleted because it no longer exists in main
translations/pt-BR/content/communities/moderating-comments-and-conversations/limiting-interactions-for-your-user-account.md,file deleted because it no longer exists in main
translations/pt-BR/content/education/explore-the-benefits-of-teaching-and-learning-with-github-education/use-github-at-your-educational-institution/about-campus-advisors.md,file deleted because it no longer exists in main
translations/pt-BR/content/education/explore-the-benefits-of-teaching-and-learning-with-github-education/use-github-for-your-schoolwork/about-github-community-exchange.md,file deleted because it no longer exists in main
translations/pt-BR/content/education/explore-the-benefits-of-teaching-and-learning-with-github-education/use-github-for-your-schoolwork/about-github-education-for-students.md,file deleted because it no longer exists in main
translations/pt-BR/content/education/explore-the-benefits-of-teaching-and-learning-with-github-education/use-github-for-your-schoolwork/apply-for-a-student-developer-pack.md,file deleted because it no longer exists in main
translations/pt-BR/content/education/explore-the-benefits-of-teaching-and-learning-with-github-education/use-github-for-your-schoolwork/index.md,file deleted because it no longer exists in main
translations/pt-BR/content/education/explore-the-benefits-of-teaching-and-learning-with-github-education/use-github-for-your-schoolwork/why-wasnt-my-application-for-a-student-developer-pack-approved.md,file deleted because it no longer exists in main
translations/pt-BR/content/education/explore-the-benefits-of-teaching-and-learning-with-github-education/use-github-in-your-classroom-and-research/about-github-education-for-educators-and-researchers.md,file deleted because it no longer exists in main
translations/pt-BR/content/education/explore-the-benefits-of-teaching-and-learning-with-github-education/use-github-in-your-classroom-and-research/apply-for-an-educator-or-researcher-discount.md,file deleted because it no longer exists in main
translations/pt-BR/content/education/explore-the-benefits-of-teaching-and-learning-with-github-education/use-github-in-your-classroom-and-research/index.md,file deleted because it no longer exists in main
translations/pt-BR/content/education/explore-the-benefits-of-teaching-and-learning-with-github-education/use-github-in-your-classroom-and-research/why-wasnt-my-application-for-an-educator-or-researcher-discount-approved.md,file deleted because it no longer exists in main
translations/pt-BR/content/github/copilot/about-github-copilot-telemetry.md,file deleted because it no longer exists in main
translations/pt-BR/content/github/copilot/github-copilot-telemetry-terms.md,file deleted because it no longer exists in main
translations/pt-BR/content/github/copilot/index.md,file deleted because it no longer exists in main
translations/pt-BR/content/github/copilot/research-recitation.md,file deleted because it no longer exists in main
translations/pt-BR/content/github/index.md,file deleted because it no longer exists in main
translations/pt-BR/content/issues/trying-out-the-new-projects-experience/about-projects.md,file deleted because it no longer exists in main
translations/pt-BR/content/issues/trying-out-the-new-projects-experience/automating-projects.md,file deleted because it no longer exists in main
translations/pt-BR/content/issues/trying-out-the-new-projects-experience/best-practices-for-managing-projects.md,file deleted because it no longer exists in main
translations/pt-BR/content/issues/trying-out-the-new-projects-experience/creating-a-project.md,file deleted because it no longer exists in main
translations/pt-BR/content/issues/trying-out-the-new-projects-experience/customizing-your-project-views.md,file deleted because it no longer exists in main
translations/pt-BR/content/issues/trying-out-the-new-projects-experience/filtering-projects.md,file deleted because it no longer exists in main
translations/pt-BR/content/issues/trying-out-the-new-projects-experience/index.md,file deleted because it no longer exists in main
translations/pt-BR/content/issues/trying-out-the-new-projects-experience/managing-access-to-projects.md,file deleted because it no longer exists in main
translations/pt-BR/content/issues/trying-out-the-new-projects-experience/managing-iterations.md,file deleted because it no longer exists in main
translations/pt-BR/content/issues/trying-out-the-new-projects-experience/managing-projects.md,file deleted because it no longer exists in main
translations/pt-BR/content/issues/trying-out-the-new-projects-experience/managing-the-visibility-of-your-projects.md,file deleted because it no longer exists in main
translations/pt-BR/content/issues/trying-out-the-new-projects-experience/migrating-your-project.md,file deleted because it no longer exists in main
translations/pt-BR/content/issues/trying-out-the-new-projects-experience/quickstart.md,file deleted because it no longer exists in main
translations/pt-BR/content/issues/trying-out-the-new-projects-experience/using-insights-with-projects.md,file deleted because it no longer exists in main
translations/pt-BR/content/issues/trying-out-the-new-projects-experience/using-the-api-to-manage-projects.md,file deleted because it no longer exists in main
translations/pt-BR/content/organizations/managing-saml-single-sign-on-for-your-organization/troubleshooting-identity-and-access-management.md,file deleted because it no longer exists in main
translations/pt-BR/content/pages/getting-started-with-github-pages/adding-a-theme-to-your-github-pages-site-with-the-theme-chooser.md,file deleted because it no longer exists in main
translations/pt-BR/content/pull-requests/collaborating-with-pull-requests/working-with-forks/merging-an-upstream-repository-into-your-fork.md,file deleted because it no longer exists in main
translations/pt-BR/content/rest/reference/actions.md,file deleted because it no longer exists in main
translations/pt-BR/content/rest/reference/activity.md,file deleted because it no longer exists in main
translations/pt-BR/content/rest/reference/apps.md,file deleted because it no longer exists in main
translations/pt-BR/content/rest/reference/billing.md,file deleted because it no longer exists in main
translations/pt-BR/content/rest/reference/branches.md,file deleted because it no longer exists in main
translations/pt-BR/content/rest/reference/checks.md,file deleted because it no longer exists in main
translations/pt-BR/content/rest/reference/code-scanning.md,file deleted because it no longer exists in main
translations/pt-BR/content/rest/reference/codes-of-conduct.md,file deleted because it no longer exists in main
translations/pt-BR/content/rest/reference/codespaces.md,file deleted because it no longer exists in main
translations/pt-BR/content/rest/reference/collaborators.md,file deleted because it no longer exists in main
translations/pt-BR/content/rest/reference/commits.md,file deleted because it no longer exists in main
translations/pt-BR/content/rest/reference/dependabot.md,file deleted because it no longer exists in main
translations/pt-BR/content/rest/reference/dependency-graph.md,file deleted because it no longer exists in main
translations/pt-BR/content/rest/reference/deploy_keys.md,file deleted because it no longer exists in main
translations/pt-BR/content/rest/reference/deployments.md,file deleted because it no longer exists in main
translations/pt-BR/content/rest/reference/emojis.md,file deleted because it no longer exists in main
translations/pt-BR/content/rest/reference/enterprise-admin.md,file deleted because it no longer exists in main
translations/pt-BR/content/rest/reference/gists.md,file deleted because it no longer exists in main
translations/pt-BR/content/rest/reference/git.md,file deleted because it no longer exists in main
translations/pt-BR/content/rest/reference/gitignore.md,file deleted because it no longer exists in main
translations/pt-BR/content/rest/reference/index.md,file deleted because it no longer exists in main
translations/pt-BR/content/rest/reference/interactions.md,file deleted because it no longer exists in main
translations/pt-BR/content/rest/reference/issues.md,file deleted because it no longer exists in main
translations/pt-BR/content/rest/reference/licenses.md,file deleted because it no longer exists in main
translations/pt-BR/content/rest/reference/markdown.md,file deleted because it no longer exists in main
translations/pt-BR/content/rest/reference/meta.md,file deleted because it no longer exists in main
translations/pt-BR/content/rest/reference/metrics.md,file deleted because it no longer exists in main
translations/pt-BR/content/rest/reference/migrations.md,file deleted because it no longer exists in main
translations/pt-BR/content/rest/reference/oauth-authorizations.md,file deleted because it no longer exists in main
translations/pt-BR/content/rest/reference/orgs.md,file deleted because it no longer exists in main
translations/pt-BR/content/rest/reference/packages.md,file deleted because it no longer exists in main
translations/pt-BR/content/rest/reference/pages.md,file deleted because it no longer exists in main
translations/pt-BR/content/rest/reference/projects.md,file deleted because it no longer exists in main
translations/pt-BR/content/rest/reference/pulls.md,file deleted because it no longer exists in main
translations/pt-BR/content/rest/reference/rate-limit.md,file deleted because it no longer exists in main
translations/pt-BR/content/rest/reference/reactions.md,file deleted because it no longer exists in main
translations/pt-BR/content/rest/reference/releases.md,file deleted because it no longer exists in main
translations/pt-BR/content/rest/reference/repos.md,file deleted because it no longer exists in main
translations/pt-BR/content/rest/reference/scim.md,file deleted because it no longer exists in main
translations/pt-BR/content/rest/reference/search.md,file deleted because it no longer exists in main
translations/pt-BR/content/rest/reference/secret-scanning.md,file deleted because it no longer exists in main
translations/pt-BR/content/rest/reference/teams.md,file deleted because it no longer exists in main
translations/pt-BR/content/rest/reference/users.md,file deleted because it no longer exists in main
translations/pt-BR/content/rest/reference/webhooks.md,file deleted because it no longer exists in main
translations/pt-BR/content/site-policy/github-terms/github-community-forum-code-of-conduct.md,file deleted because it no longer exists in main
translations/pt-BR/content/sponsors/receiving-sponsorships-through-github-sponsors/setting-up-github-sponsors-for-your-user-account.md,file deleted because it no longer exists in main
translations/pt-BR/data/graphql/ghes-3.1/graphql_previews.enterprise.yml,file deleted because it no longer exists in main
translations/pt-BR/data/reusables/actions/self-hosted-runner-configure-runner-group-access.md,file deleted because it no longer exists in main
translations/pt-BR/data/reusables/actions/self-hosted-runner-configure-runner-group.md,file deleted because it no longer exists in main
translations/pt-BR/data/reusables/actions/self-hosted-runner-create-group.md,file deleted because it no longer exists in main
translations/pt-BR/data/reusables/actions/self-hosted-runner-groups-add-to-enterprise-first-steps.md,file deleted because it no longer exists in main
translations/pt-BR/data/reusables/actions/self-hosted-runner-groups-navigate-to-repo-org-enterprise.md,file deleted because it no longer exists in main
translations/pt-BR/data/reusables/billing/per-user-pricing-reference.md,file deleted because it no longer exists in main
translations/pt-BR/data/reusables/codespaces/about-billing-for-codespaces.md,file deleted because it no longer exists in main
translations/pt-BR/data/reusables/codespaces/availability.md,file deleted because it no longer exists in main
translations/pt-BR/data/reusables/codespaces/beta-functionality-limited.md,file deleted because it no longer exists in main
translations/pt-BR/data/reusables/codespaces/billing-for-prebuilds.md,file deleted because it no longer exists in main
translations/pt-BR/data/reusables/codespaces/concurrent-codespace-limit.md,file deleted because it no longer exists in main
translations/pt-BR/data/reusables/codespaces/prebuilds-beta-note.md,file deleted because it no longer exists in main
translations/pt-BR/data/reusables/codespaces/prebuilds-not-available.md,file deleted because it no longer exists in main
translations/pt-BR/data/reusables/codespaces/unsupported-repos.md,file deleted because it no longer exists in main
translations/pt-BR/data/reusables/dependabot/create-dependabot-yml.md,file deleted because it no longer exists in main
translations/pt-BR/data/reusables/desktop/paste-email-git-config.md,file deleted because it no longer exists in main
translations/pt-BR/data/reusables/dotcom_billing/codespaces-minutes.md,file deleted because it no longer exists in main
translations/pt-BR/data/reusables/education/upgrade-organization.md,file deleted because it no longer exists in main
translations/pt-BR/data/reusables/education/upgrade-page.md,file deleted because it no longer exists in main
translations/pt-BR/data/reusables/enterprise-accounts/repository-visibility-policy.md,file deleted because it no longer exists in main
translations/pt-BR/data/reusables/enterprise-licensing/you-can-sync-for-a-combined-view.md,file deleted because it no longer exists in main
translations/pt-BR/data/reusables/enterprise_installation/upgrade-hardware-requirements.md,file deleted because it no longer exists in main
translations/pt-BR/data/reusables/enterprise_management_console/username_normalization_sample.md,file deleted because it no longer exists in main
translations/pt-BR/data/reusables/gated-features/advanced-security.md,file deleted because it no longer exists in main
translations/pt-BR/data/reusables/gated-features/discussions.md,file deleted because it no longer exists in main
translations/pt-BR/data/reusables/gated-features/security-center.md,file deleted because it no longer exists in main
translations/pt-BR/data/reusables/getting-started/learning-lab-enterprise.md,file deleted because it no longer exists in main
translations/pt-BR/data/reusables/getting-started/learning-lab.md,file deleted because it no longer exists in main
translations/pt-BR/data/reusables/open-source/open-source-learning-lab.md,file deleted because it no longer exists in main
translations/pt-BR/data/reusables/organizations/organizations_include.md,file deleted because it no longer exists in main
translations/pt-BR/data/reusables/package_registry/authenticate_with_pat_for_container_registry.md,file deleted because it no longer exists in main
translations/pt-BR/data/reusables/pages/pages-builds-with-github-actions-public-beta.md,file deleted because it no longer exists in main
translations/pt-BR/data/reusables/repositories/squash-and-rebase-linear-commit-hisitory.md,file deleted because it no longer exists in main
translations/pt-BR/data/reusables/rest-reference/apps/oauth-applications.md,file deleted because it no longer exists in main
translations/pt-BR/data/reusables/rest-reference/branches/branch-protection.md,file deleted because it no longer exists in main
translations/pt-BR/data/reusables/rest-reference/checks/runs.md,file deleted because it no longer exists in main
translations/pt-BR/data/reusables/rest-reference/deployments/statuses.md,file deleted because it no longer exists in main
translations/pt-BR/data/reusables/rest-reference/enterprise-admin/audit-log.md,file deleted because it no longer exists in main
translations/pt-BR/data/reusables/rest-reference/enterprise-admin/billing.md,file deleted because it no longer exists in main
translations/pt-BR/data/reusables/rest-reference/interactions/interactions.md,file deleted because it no longer exists in main
translations/pt-BR/data/reusables/rest-reference/issues/assignees.md,file deleted because it no longer exists in main
translations/pt-BR/data/reusables/rest-reference/issues/labels.md,file deleted because it no longer exists in main
translations/pt-BR/data/reusables/rest-reference/issues/milestones.md,file deleted because it no longer exists in main
translations/pt-BR/data/reusables/rest-reference/metrics/community.md,file deleted because it no longer exists in main
translations/pt-BR/data/reusables/rest-reference/orgs/custom_roles.md,file deleted because it no longer exists in main
translations/pt-BR/data/reusables/rest-reference/orgs/members.md,file deleted because it no longer exists in main
translations/pt-BR/data/reusables/rest-reference/orgs/outside-collaborators.md,file deleted because it no longer exists in main
translations/pt-BR/data/reusables/rest-reference/projects/cards.md,file deleted because it no longer exists in main
translations/pt-BR/data/reusables/rest-reference/projects/collaborators.md,file deleted because it no longer exists in main
translations/pt-BR/data/reusables/rest-reference/projects/columns.md,file deleted because it no longer exists in main
translations/pt-BR/data/reusables/rest-reference/pulls/review-requests.md,file deleted because it no longer exists in main
translations/pt-BR/data/reusables/rest-reference/releases/assets.md,file deleted because it no longer exists in main
translations/pt-BR/data/reusables/rest-reference/repos/forks.md,file deleted because it no longer exists in main
translations/pt-BR/data/reusables/rest-reference/repos/lfs.md,file deleted because it no longer exists in main
translations/pt-BR/data/reusables/rest-reference/users/blocking.md,file deleted because it no longer exists in main
translations/pt-BR/data/reusables/rest-reference/users/emails.md,file deleted because it no longer exists in main
translations/pt-BR/data/reusables/rest-reference/users/followers.md,file deleted because it no longer exists in main
translations/pt-BR/data/reusables/rest-reference/users/keys.md,file deleted because it no longer exists in main
translations/pt-BR/data/reusables/rest-reference/webhooks/repo-config.md,file deleted because it no longer exists in main
translations/pt-BR/data/reusables/rest-reference/webhooks/repo-deliveries.md,file deleted because it no longer exists in main
translations/pt-BR/data/reusables/rest-reference/webhooks/repos.md,file deleted because it no longer exists in main
translations/pt-BR/data/reusables/security-center/beta.md,file deleted because it no longer exists in main
translations/pt-BR/data/reusables/security-center/permissions.md,file deleted because it no longer exists in main
translations/pt-BR/data/reusables/server-statistics/release-phase.md,file deleted because it no longer exists in main
translations/pt-BR/content/account-and-profile/managing-subscriptions-and-notifications-on-github/setting-up-notifications/configuring-notifications.md,broken liquid tags
translations/pt-BR/content/account-and-profile/setting-up-and-managing-your-github-profile/customizing-your-profile/about-your-organizations-profile.md,broken liquid tags
translations/pt-BR/content/account-and-profile/setting-up-and-managing-your-personal-account-on-github/index.md,broken liquid tags
translations/pt-BR/content/actions/deployment/about-deployments/about-continuous-deployment.md,broken liquid tags
translations/pt-BR/content/actions/deployment/deploying-to-your-cloud-provider/deploying-to-amazon-elastic-container-service.md,broken liquid tags
translations/pt-BR/content/actions/deployment/deploying-to-your-cloud-provider/deploying-to-azure/deploying-docker-to-azure-app-service.md,broken liquid tags
translations/pt-BR/content/actions/deployment/deploying-to-your-cloud-provider/deploying-to-azure/deploying-java-to-azure-app-service.md,broken liquid tags
translations/pt-BR/content/actions/deployment/deploying-to-your-cloud-provider/deploying-to-azure/deploying-net-to-azure-app-service.md,broken liquid tags
translations/pt-BR/content/actions/deployment/deploying-to-your-cloud-provider/deploying-to-azure/deploying-nodejs-to-azure-app-service.md,broken liquid tags
translations/pt-BR/content/actions/deployment/deploying-to-your-cloud-provider/deploying-to-azure/deploying-php-to-azure-app-service.md,broken liquid tags
translations/pt-BR/content/actions/deployment/deploying-to-your-cloud-provider/deploying-to-azure/deploying-python-to-azure-app-service.md,broken liquid tags
translations/pt-BR/content/actions/deployment/deploying-to-your-cloud-provider/deploying-to-azure/deploying-to-azure-kubernetes-service.md,broken liquid tags
translations/pt-BR/content/actions/deployment/deploying-to-your-cloud-provider/deploying-to-azure/deploying-to-azure-static-web-app.md,broken liquid tags
translations/pt-BR/content/actions/deployment/deploying-to-your-cloud-provider/deploying-to-google-kubernetes-engine.md,broken liquid tags
translations/pt-BR/content/actions/deployment/security-hardening-your-deployments/configuring-openid-connect-in-hashicorp-vault.md,broken liquid tags
translations/pt-BR/content/actions/hosting-your-own-runners/about-self-hosted-runners.md,broken liquid tags
translations/pt-BR/content/actions/hosting-your-own-runners/adding-self-hosted-runners.md,broken liquid tags
translations/pt-BR/content/actions/hosting-your-own-runners/autoscaling-with-self-hosted-runners.md,broken liquid tags
translations/pt-BR/content/actions/hosting-your-own-runners/configuring-the-self-hosted-runner-application-as-a-service.md,broken liquid tags
translations/pt-BR/content/actions/hosting-your-own-runners/managing-access-to-self-hosted-runners-using-groups.md,broken liquid tags
translations/pt-BR/content/actions/learn-github-actions/contexts.md,broken liquid tags
translations/pt-BR/content/actions/learn-github-actions/understanding-github-actions.md,broken liquid tags
translations/pt-BR/content/actions/managing-workflow-runs/re-running-workflows-and-jobs.md,broken liquid tags
translations/pt-BR/content/actions/publishing-packages/publishing-nodejs-packages.md,broken liquid tags
translations/pt-BR/content/actions/security-guides/automatic-token-authentication.md,broken liquid tags
translations/pt-BR/content/actions/security-guides/encrypted-secrets.md,broken liquid tags
translations/pt-BR/content/actions/security-guides/security-hardening-for-github-actions.md,broken liquid tags
translations/pt-BR/content/actions/using-github-hosted-runners/about-github-hosted-runners.md,broken liquid tags
translations/pt-BR/content/actions/using-github-hosted-runners/using-larger-runners.md,broken liquid tags
translations/pt-BR/content/actions/using-workflows/reusing-workflows.md,broken liquid tags
translations/pt-BR/content/actions/using-workflows/workflow-commands-for-github-actions.md,broken liquid tags
translations/pt-BR/content/admin/configuration/configuring-github-connect/about-github-connect.md,broken liquid tags
translations/pt-BR/content/admin/configuration/configuring-your-enterprise/configuring-email-for-notifications.md,broken liquid tags
translations/pt-BR/content/admin/configuration/configuring-your-enterprise/restricting-network-traffic-to-your-enterprise.md,broken liquid tags
translations/pt-BR/content/admin/configuration/configuring-your-enterprise/site-admin-dashboard.md,broken liquid tags
translations/pt-BR/content/admin/github-actions/getting-started-with-github-actions-for-your-enterprise/about-github-actions-for-enterprises.md,broken liquid tags
translations/pt-BR/content/admin/github-actions/getting-started-with-github-actions-for-your-enterprise/getting-started-with-self-hosted-runners-for-your-enterprise.md,broken liquid tags
translations/pt-BR/content/admin/identity-and-access-management/managing-iam-for-your-enterprise/about-authentication-for-your-enterprise.md,broken liquid tags
translations/pt-BR/content/admin/identity-and-access-management/using-enterprise-managed-users-for-iam/about-enterprise-managed-users.md,broken liquid tags
translations/pt-BR/content/admin/identity-and-access-management/using-enterprise-managed-users-for-iam/about-support-for-your-idps-conditional-access-policy.md,broken liquid tags
translations/pt-BR/content/admin/identity-and-access-management/using-enterprise-managed-users-for-iam/migrating-from-saml-to-oidc.md,broken liquid tags
translations/pt-BR/content/admin/identity-and-access-management/using-saml-for-enterprise-iam/saml-configuration-reference.md,broken liquid tags
translations/pt-BR/content/admin/monitoring-activity-in-your-enterprise/reviewing-audit-logs-for-your-enterprise/about-the-audit-log-for-your-enterprise.md,broken liquid tags
translations/pt-BR/content/admin/monitoring-activity-in-your-enterprise/reviewing-audit-logs-for-your-enterprise/audit-log-events-for-your-enterprise.md,broken liquid tags
translations/pt-BR/content/admin/monitoring-activity-in-your-enterprise/reviewing-audit-logs-for-your-enterprise/streaming-the-audit-log-for-your-enterprise.md,broken liquid tags
translations/pt-BR/content/admin/monitoring-activity-in-your-enterprise/reviewing-audit-logs-for-your-enterprise/using-the-audit-log-api-for-your-enterprise.md,broken liquid tags
translations/pt-BR/content/admin/policies/enforcing-policies-for-your-enterprise/enforcing-policies-for-security-settings-in-your-enterprise.md,broken liquid tags
translations/pt-BR/content/admin/policies/enforcing-policies-for-your-enterprise/enforcing-repository-management-policies-in-your-enterprise.md,broken liquid tags
translations/pt-BR/content/authentication/connecting-to-github-with-ssh/about-ssh.md,broken liquid tags
translations/pt-BR/content/authentication/connecting-to-github-with-ssh/generating-a-new-ssh-key-and-adding-it-to-the-ssh-agent.md,broken liquid tags
translations/pt-BR/content/authentication/managing-commit-signature-verification/about-commit-signature-verification.md,broken liquid tags
translations/pt-BR/content/authentication/managing-commit-signature-verification/displaying-verification-statuses-for-all-of-your-commits.md,broken liquid tags
translations/pt-BR/content/authentication/managing-commit-signature-verification/index.md,broken liquid tags
translations/pt-BR/content/authentication/managing-commit-signature-verification/signing-commits.md,broken liquid tags
translations/pt-BR/content/authentication/managing-commit-signature-verification/signing-tags.md,broken liquid tags
translations/pt-BR/content/authentication/managing-commit-signature-verification/telling-git-about-your-signing-key.md,broken liquid tags
translations/pt-BR/content/authentication/troubleshooting-commit-signature-verification/checking-your-commit-and-tag-signature-verification-status.md,broken liquid tags
translations/pt-BR/content/billing/managing-billing-for-github-actions/about-billing-for-github-actions.md,broken liquid tags
translations/pt-BR/content/billing/managing-billing-for-github-advanced-security/about-billing-for-github-advanced-security.md,broken liquid tags
translations/pt-BR/content/billing/managing-billing-for-github-advanced-security/viewing-your-github-advanced-security-usage.md,broken liquid tags
translations/pt-BR/content/billing/managing-billing-for-github-codespaces/about-billing-for-github-codespaces.md,broken liquid tags
translations/pt-BR/content/billing/managing-billing-for-github-codespaces/index.md,broken liquid tags
translations/pt-BR/content/billing/managing-billing-for-github-codespaces/managing-spending-limits-for-github-codespaces.md,broken liquid tags
translations/pt-BR/content/billing/managing-billing-for-github-codespaces/viewing-your-github-codespaces-usage.md,broken liquid tags
translations/pt-BR/content/billing/managing-billing-for-github-copilot/about-billing-for-github-copilot.md,broken liquid tags
translations/pt-BR/content/billing/managing-billing-for-github-copilot/managing-your-github-copilot-subscription.md,broken liquid tags
translations/pt-BR/content/billing/managing-billing-for-your-github-account/connecting-an-azure-subscription-to-your-enterprise.md,broken liquid tags
translations/pt-BR/content/code-security/code-scanning/automatically-scanning-your-code-for-vulnerabilities-and-errors/about-code-scanning-with-codeql.md,broken liquid tags
translations/pt-BR/content/code-security/code-scanning/automatically-scanning-your-code-for-vulnerabilities-and-errors/configuring-code-scanning.md,broken liquid tags
translations/pt-BR/content/code-security/code-scanning/automatically-scanning-your-code-for-vulnerabilities-and-errors/running-codeql-code-scanning-in-a-container.md,broken liquid tags
translations/pt-BR/content/code-security/code-scanning/using-codeql-code-scanning-with-your-existing-ci-system/configuring-codeql-cli-in-your-ci-system.md,broken liquid tags
translations/pt-BR/content/code-security/dependabot/dependabot-alerts/browsing-security-advisories-in-the-github-advisory-database.md,broken liquid tags
translations/pt-BR/content/code-security/dependabot/dependabot-alerts/editing-security-advisories-in-the-github-advisory-database.md,broken liquid tags
translations/pt-BR/content/code-security/dependabot/dependabot-security-updates/configuring-dependabot-security-updates.md,broken liquid tags
translations/pt-BR/content/code-security/dependabot/dependabot-version-updates/configuration-options-for-the-dependabot.yml-file.md,broken liquid tags
translations/pt-BR/content/code-security/dependabot/dependabot-version-updates/configuring-dependabot-version-updates.md,broken liquid tags
translations/pt-BR/content/code-security/secret-scanning/managing-alerts-from-secret-scanning.md,broken liquid tags
translations/pt-BR/content/code-security/secret-scanning/protecting-pushes-with-secret-scanning.md,broken liquid tags
translations/pt-BR/content/code-security/secret-scanning/pushing-a-branch-blocked-by-push-protection.md,broken liquid tags
translations/pt-BR/content/code-security/supply-chain-security/end-to-end-supply-chain/securing-code.md,broken liquid tags
translations/pt-BR/content/code-security/supply-chain-security/understanding-your-software-supply-chain/about-the-dependency-graph.md,broken liquid tags
translations/pt-BR/content/codespaces/codespaces-reference/allowing-your-codespace-to-access-a-private-image-registry.md,broken liquid tags
translations/pt-BR/content/codespaces/codespaces-reference/disaster-recovery-for-github-codespaces.md,broken liquid tags
translations/pt-BR/content/codespaces/codespaces-reference/security-in-github-codespaces.md,broken liquid tags
translations/pt-BR/content/codespaces/codespaces-reference/understanding-billing-for-github-codespaces.md,broken liquid tags
translations/pt-BR/content/codespaces/codespaces-reference/using-github-copilot-in-github-codespaces.md,broken liquid tags
translations/pt-BR/content/codespaces/codespaces-reference/using-the-vs-code-command-palette-in-codespaces.md,broken liquid tags
translations/pt-BR/content/codespaces/customizing-your-codespace/changing-the-machine-type-for-your-codespace.md,broken liquid tags
translations/pt-BR/content/codespaces/customizing-your-codespace/configuring-automatic-deletion-of-your-codespaces.md,broken liquid tags
translations/pt-BR/content/codespaces/customizing-your-codespace/personalizing-github-codespaces-for-your-account.md,broken liquid tags
translations/pt-BR/content/codespaces/customizing-your-codespace/setting-your-default-editor-for-github-codespaces.md,broken liquid tags
translations/pt-BR/content/codespaces/customizing-your-codespace/setting-your-timeout-period-for-github-codespaces.md,broken liquid tags
translations/pt-BR/content/codespaces/developing-in-codespaces/codespaces-lifecycle.md,broken liquid tags
translations/pt-BR/content/codespaces/developing-in-codespaces/connecting-to-a-private-network.md,broken liquid tags
translations/pt-BR/content/codespaces/developing-in-codespaces/creating-a-codespace.md,broken liquid tags
translations/pt-BR/content/codespaces/developing-in-codespaces/deleting-a-codespace.md,broken liquid tags
translations/pt-BR/content/codespaces/developing-in-codespaces/developing-in-a-codespace.md,broken liquid tags
translations/pt-BR/content/codespaces/developing-in-codespaces/forwarding-ports-in-your-codespace.md,broken liquid tags
translations/pt-BR/content/codespaces/developing-in-codespaces/renaming-a-codespace.md,broken liquid tags
translations/pt-BR/content/codespaces/developing-in-codespaces/using-github-codespaces-for-pull-requests.md,broken liquid tags
translations/pt-BR/content/codespaces/developing-in-codespaces/using-github-codespaces-in-visual-studio-code.md,broken liquid tags
translations/pt-BR/content/codespaces/developing-in-codespaces/using-github-codespaces-with-github-cli.md,broken liquid tags
translations/pt-BR/content/codespaces/getting-started/deep-dive.md,broken liquid tags
translations/pt-BR/content/codespaces/getting-started/quickstart.md,broken liquid tags
translations/pt-BR/content/codespaces/managing-codespaces-for-your-organization/enabling-github-codespaces-for-your-organization.md,broken liquid tags
translations/pt-BR/content/codespaces/managing-codespaces-for-your-organization/managing-billing-for-github-codespaces-in-your-organization.md,broken liquid tags
translations/pt-BR/content/codespaces/managing-codespaces-for-your-organization/restricting-access-to-machine-types.md,broken liquid tags
translations/pt-BR/content/codespaces/managing-codespaces-for-your-organization/restricting-the-idle-timeout-period.md,broken liquid tags
translations/pt-BR/content/codespaces/managing-codespaces-for-your-organization/restricting-the-retention-period-for-codespaces.md,broken liquid tags
translations/pt-BR/content/codespaces/managing-codespaces-for-your-organization/restricting-the-visibility-of-forwarded-ports.md,broken liquid tags
translations/pt-BR/content/codespaces/managing-codespaces-for-your-organization/reviewing-your-organizations-audit-logs-for-github-codespaces.md,broken liquid tags
translations/pt-BR/content/codespaces/managing-your-codespaces/managing-gpg-verification-for-github-codespaces.md,broken liquid tags
translations/pt-BR/content/codespaces/managing-your-codespaces/managing-repository-access-for-your-codespaces.md,broken liquid tags
translations/pt-BR/content/codespaces/managing-your-codespaces/reviewing-your-security-logs-for-github-codespaces.md,broken liquid tags
translations/pt-BR/content/codespaces/overview.md,broken liquid tags
translations/pt-BR/content/codespaces/prebuilding-your-codespaces/about-github-codespaces-prebuilds.md,broken liquid tags
translations/pt-BR/content/codespaces/prebuilding-your-codespaces/allowing-a-prebuild-to-access-other-repositories.md,broken liquid tags
translations/pt-BR/content/codespaces/prebuilding-your-codespaces/configuring-prebuilds.md,broken liquid tags
translations/pt-BR/content/codespaces/prebuilding-your-codespaces/managing-prebuilds.md,broken liquid tags
translations/pt-BR/content/codespaces/setting-up-your-project-for-codespaces/introduction-to-dev-containers.md,broken liquid tags
translations/pt-BR/content/codespaces/setting-up-your-project-for-codespaces/setting-up-your-dotnet-project-for-codespaces.md,broken liquid tags
translations/pt-BR/content/codespaces/setting-up-your-project-for-codespaces/setting-up-your-java-project-for-codespaces.md,broken liquid tags
translations/pt-BR/content/codespaces/setting-up-your-project-for-codespaces/setting-up-your-nodejs-project-for-codespaces.md,broken liquid tags
translations/pt-BR/content/codespaces/setting-up-your-project-for-codespaces/setting-up-your-python-project-for-codespaces.md,broken liquid tags
translations/pt-BR/content/codespaces/the-githubdev-web-based-editor.md,broken liquid tags
translations/pt-BR/content/codespaces/troubleshooting/exporting-changes-to-a-branch.md,broken liquid tags
translations/pt-BR/content/codespaces/troubleshooting/github-codespaces-logs.md,broken liquid tags
translations/pt-BR/content/codespaces/troubleshooting/troubleshooting-codespaces-clients.md,broken liquid tags
translations/pt-BR/content/codespaces/troubleshooting/troubleshooting-creation-and-deletion-of-codespaces.md,broken liquid tags
translations/pt-BR/content/codespaces/troubleshooting/troubleshooting-dotfiles-for-codespaces.md,broken liquid tags
translations/pt-BR/content/codespaces/troubleshooting/troubleshooting-prebuilds.md,broken liquid tags
translations/pt-BR/content/codespaces/troubleshooting/troubleshooting-your-connection-to-github-codespaces.md,broken liquid tags
translations/pt-BR/content/codespaces/troubleshooting/working-with-support-for-github-codespaces.md,broken liquid tags
translations/pt-BR/content/developers/apps/building-github-apps/authenticating-with-github-apps.md,broken liquid tags
translations/pt-BR/content/developers/apps/building-github-apps/managing-allowed-ip-addresses-for-a-github-app.md,broken liquid tags
translations/pt-BR/content/education/manage-coursework-with-github-classroom/integrate-github-classroom-with-an-ide/integrate-github-classroom-with-an-ide.md,broken liquid tags
translations/pt-BR/content/education/manage-coursework-with-github-classroom/integrate-github-classroom-with-an-ide/using-github-codespaces-with-github-classroom.md,broken liquid tags
translations/pt-BR/content/education/manage-coursework-with-github-classroom/teach-with-github-classroom/connect-a-learning-management-system-to-github-classroom.md,broken liquid tags
translations/pt-BR/content/get-started/exploring-projects-on-github/following-organizations.md,broken liquid tags
translations/pt-BR/content/get-started/learning-about-github/about-github-advanced-security.md,broken liquid tags
translations/pt-BR/content/get-started/quickstart/be-social.md,broken liquid tags
translations/pt-BR/content/get-started/quickstart/github-glossary.md,rendering error
translations/pt-BR/content/get-started/writing-on-github/getting-started-with-writing-and-formatting-on-github/basic-writing-and-formatting-syntax.md,broken liquid tags
translations/pt-BR/content/get-started/writing-on-github/working-with-advanced-formatting/attaching-files.md,broken liquid tags
translations/pt-BR/content/issues/planning-and-tracking-with-projects/managing-your-project/managing-visibility-of-your-projects.md,broken liquid tags
translations/pt-BR/content/issues/tracking-your-work-with-issues/filtering-and-searching-issues-and-pull-requests.md,broken liquid tags
translations/pt-BR/content/issues/tracking-your-work-with-issues/linking-a-pull-request-to-an-issue.md,broken liquid tags
translations/pt-BR/content/organizations/keeping-your-organization-secure/managing-security-settings-for-your-organization/reviewing-the-audit-log-for-your-organization.md,broken liquid tags
translations/pt-BR/content/organizations/managing-organization-settings/allowing-project-visibility-changes-in-your-organization.md,broken liquid tags
translations/pt-BR/content/packages/learn-github-packages/about-permissions-for-github-packages.md,broken liquid tags
translations/pt-BR/content/packages/learn-github-packages/configuring-a-packages-access-control-and-visibility.md,broken liquid tags
translations/pt-BR/content/packages/learn-github-packages/deleting-and-restoring-a-package.md,broken liquid tags
translations/pt-BR/content/packages/learn-github-packages/viewing-packages.md,broken liquid tags
translations/pt-BR/content/pages/getting-started-with-github-pages/creating-a-github-pages-site.md,broken liquid tags
translations/pt-BR/content/pull-requests/collaborating-with-pull-requests/incorporating-changes-from-a-pull-request/merging-a-pull-request.md,broken liquid tags
translations/pt-BR/content/pull-requests/collaborating-with-pull-requests/reviewing-changes-in-pull-requests/reviewing-proposed-changes-in-a-pull-request.md,broken liquid tags
translations/pt-BR/content/repositories/managing-your-repositorys-settings-and-features/customizing-your-repository/about-code-owners.md,broken liquid tags
translations/pt-BR/content/repositories/managing-your-repositorys-settings-and-features/customizing-your-repository/about-readmes.md,broken liquid tags
translations/pt-BR/content/repositories/managing-your-repositorys-settings-and-features/managing-repository-settings/configuring-autolinks-to-reference-external-resources.md,broken liquid tags
translations/pt-BR/content/repositories/releasing-projects-on-github/managing-releases-in-a-repository.md,broken liquid tags
translations/pt-BR/content/repositories/working-with-files/using-files/working-with-non-code-files.md,broken liquid tags
translations/pt-BR/content/rest/overview/other-authentication-methods.md,broken liquid tags
translations/pt-BR/content/rest/overview/resources-in-the-rest-api.md,broken liquid tags
translations/pt-BR/content/rest/repos/lfs.md,broken liquid tags
translations/pt-BR/content/search-github/searching-on-github/searching-issues-and-pull-requests.md,broken liquid tags
translations/pt-BR/content/site-policy/privacy-policies/github-subprocessors-and-cookies.md,broken liquid tags
translations/pt-BR/content/support/learning-about-github-support/about-github-support.md,broken liquid tags
translations/pt-BR/data/glossaries/external.yml,broken liquid tags
translations/pt-BR/data/learning-tracks/code-security.yml,broken liquid tags
translations/pt-BR/data/release-notes/github-ae/2021-06/2021-12-06.yml,broken liquid tags
translations/pt-BR/data/reusables/actions/actions-audit-events-workflow.md,broken liquid tags
translations/pt-BR/data/reusables/actions/actions-billing.md,broken liquid tags
translations/pt-BR/data/reusables/actions/actions-do-not-trigger-workflows.md,broken liquid tags
translations/pt-BR/data/reusables/actions/jobs/section-running-jobs-in-a-container.md,broken liquid tags
translations/pt-BR/data/reusables/actions/ref_name-description.md,broken liquid tags
translations/pt-BR/data/reusables/actions/self-hosted-runner-add-to-enterprise.md,broken liquid tags
translations/pt-BR/data/reusables/actions/usage-workflow-run-time.md,broken liquid tags
translations/pt-BR/data/reusables/advanced-security/secret-scanning-push-protection-org.md,broken liquid tags
translations/pt-BR/data/reusables/audit_log/audit-log-events-workflows.md,broken liquid tags
translations/pt-BR/data/reusables/code-scanning/example-configuration-files.md,broken liquid tags
translations/pt-BR/data/reusables/code-scanning/licensing-note.md,broken liquid tags
translations/pt-BR/data/reusables/code-scanning/run-additional-queries.md,broken liquid tags
translations/pt-BR/data/reusables/codespaces/billing-for-prebuilds-reducing.md,broken liquid tags
translations/pt-BR/data/reusables/codespaces/codespaces-api-beta-note.md,broken liquid tags
translations/pt-BR/data/reusables/codespaces/codespaces-spending-limit-requirement.md,broken liquid tags
translations/pt-BR/data/reusables/codespaces/creating-a-codespace-in-vscode.md,broken liquid tags
translations/pt-BR/data/reusables/codespaces/customize-vcpus-and-ram.md,broken liquid tags
translations/pt-BR/data/reusables/codespaces/links-to-get-started.md,broken liquid tags
translations/pt-BR/data/reusables/codespaces/next-steps-adding-devcontainer.md,broken liquid tags
translations/pt-BR/data/reusables/codespaces/prebuilds-crossreference.md,broken liquid tags
translations/pt-BR/data/reusables/codespaces/rebuild-command.md,broken liquid tags
translations/pt-BR/data/reusables/codespaces/secrets-on-start.md,broken liquid tags
translations/pt-BR/data/reusables/codespaces/use-chrome.md,broken liquid tags
translations/pt-BR/data/reusables/codespaces/your-codespaces-procedure-step.md,broken liquid tags
translations/pt-BR/data/reusables/dependabot/default-dependencies-allow-ignore.md,broken liquid tags
translations/pt-BR/data/reusables/dotcom_billing/actions-packages-report-download-org-account.md,broken liquid tags
translations/pt-BR/data/reusables/enterprise-accounts/actions-packages-report-download-enterprise-accounts.md,broken liquid tags
translations/pt-BR/data/reusables/enterprise-accounts/billing-microsoft-ea-overview.md,broken liquid tags
translations/pt-BR/data/reusables/enterprise-accounts/security-tab.md,broken liquid tags
translations/pt-BR/data/reusables/enterprise_enterprise_support/installing-releases.md,broken liquid tags
translations/pt-BR/data/reusables/gated-features/code-scanning.md,broken liquid tags
translations/pt-BR/data/reusables/gated-features/codespaces-classroom-articles.md,broken liquid tags
translations/pt-BR/data/reusables/gated-features/secret-scanning-partner.md,broken liquid tags
translations/pt-BR/data/reusables/gated-features/secret-scanning.md,broken liquid tags
translations/pt-BR/data/reusables/identity-and-permissions/ip-allow-lists-enable.md,broken liquid tags
translations/pt-BR/data/reusables/notifications-v2/custom-notification-types.md,broken liquid tags
translations/pt-BR/data/reusables/pull_requests/resolving-conversations.md,broken liquid tags
translations/pt-BR/data/reusables/release-notes/ghas-3.4-secret-scanning-known-issue.md,broken liquid tags
translations/pt-BR/data/reusables/secret-scanning/partner-secret-list-private-repo.md,broken liquid tags
translations/pt-BR/data/reusables/secret-scanning/push-protection-web-ui-choice.md,broken liquid tags
translations/pt-BR/data/reusables/secret-scanning/secret-list-private-push-protection.md,broken liquid tags
